iri	label	kind
http://www.semanticweb.org/orestah/ontologies/2024/9/phytotherapies#Chemical_18CINEOLESYNTHETASE	1,8-Cineole-Synthetase	enzyme
http://www.semanticweb.org/orestah/ontologies/2024/9/phytotherapies#Chemical_1_8CINEOLESYNTHETASE	1,8-Cineole-Synthetase	enzyme
http://www.semanticweb.org/orestah/ontologies/2024/9/phytotherapies#Chemical_3BETAGALACTOSIDASE	3-Beta-Galactosidase	enzyme
http://www.semanticweb.org/orestah/ontologies/2024/9/phytotherapies#Chemical_3NUCLEOTIDASE	3'-Nucleotidase	enzyme
http://www.semanticweb.org/orestah/ontologies/2024/9/phytotherapies#Chemical_5DEHYDROSHIKIMICACIDREDUCTASE	5-Dehydroshikimic-Acid-Reductase	enzyme
http://www.semanticweb.org/orestah/ontologies/2024/9/phytotherapies#Chemical_6PHOSPHOGLUCONATEDEHYDROGENASE	6-Phosphogluconate-Dehydrogenase	enzyme
http://www.semanticweb.org/orestah/ontologies/2024/9/phytotherapies#Chemical_ACETYLSYNTHETASE	Acetyl-Synthetase	enzyme
http://www.semanticweb.org/orestah/ontologies/2024/9/phytotherapies#Chemical_ACIDINVERTASE	Acid-Invertase	enzyme
http://www.semanticweb.org/orestah/ontologies/2024/9/phytotherapies#Chemical_ACIDPHOSPHATASE	Acid-Phosphatase	enzyme
http://www.semanticweb.org/orestah/ontologies/2024/9/phytotherapies#Chemical_ACONITASE	Aconitase	enzyme
http://www.semanticweb.org/orestah/ontologies/2024/9/phytotherapies#Chemical_ADENOSINE5PHOSPHOSULFATESULFOTRANSFERASE	Adenosine-5'-Phosphosulfate-Sulfotransferase	enzyme
http://www.semanticweb.org/orestah/ontologies/2024/9/phytotherapies#Chemical_ADENYLATEKINASE	Adenylate-Kinase	enzyme
http://www.semanticweb.org/orestah/ontologies/2024/9/phytotherapies#Chemical_ADENYLCYCLASE	Adenyl-Cyclase	enzyme
http://www.semanticweb.org/orestah/ontologies/2024/9/phytotherapies#Chemical_ADONIVERNIDASE	Adonivernidase	enzyme
http://www.semanticweb.org/orestah/ontologies/2024/9/phytotherapies#Chemical_ADPGLUCOSESTARCHGLUCOSYLTRANSFERASE	Adp-Glucose-Starch-Glucosyl-Transferase	enzyme
http://www.semanticweb.org/orestah/ontologies/2024/9/phytotherapies#Chemical_ALANINEAMINOTRANSFERASE	Alanine-Aminotransferase	enzyme
http://www.semanticweb.org/orestah/ontologies/2024/9/phytotherapies#Chemical_ALCOHOLDEHYDROGENASE	Alcohol-Dehydrogenase	enzyme
http://www.semanticweb.org/orestah/ontologies/2024/9/phytotherapies#Chemical_ALDOLASE	Aldolase	enzyme
http://www.semanticweb.org/orestah/ontologies/2024/9/phytotherapies#Chemical_ALIINASE	Aliinase	enzyme
http://www.semanticweb.org/orestah/ontologies/2024/9/phytotherapies#Chemical_ALKALOIDS	Alkaloids	element_or_nutrient_class
http://www.semanticweb.org/orestah/ontologies/2024/9/phytotherapies#Chemical_ALLANTOINASE	Allantoinase	enzyme
http://www.semanticweb.org/orestah/ontologies/2024/9/phytotherapies#Chemical_ALLIINASE	Alliinase	enzyme
http://www.semanticweb.org/orestah/ontologies/2024/9/phytotherapies#Chemical_ALLYLCOMPOUNDS	Allyl-Compounds	compound_class
http://www.semanticweb.org/orestah/ontologies/2024/9/phytotherapies#Chemical_ALPHAAMYLASE	Alpha-Amylase	enzyme
http://www.semanticweb.org/orestah/ontologies/2024/9/phytotherapies#Chemical_ALPHACARBOXYLASE	Alpha-Carboxylase	enzyme
http://www.semanticweb.org/orestah/ontologies/2024/9/phytotherapies#Chemical_ALPHAGALACTOSIDASE	Alpha-Galactosidase	enzyme
http://www.semanticweb.org/orestah/ontologies/2024/9/phytotherapies#Chemical_ALPHAGLUCAN	Alpha-Glucan	element_or_nutrient_class
http://www.semanticweb.org/orestah/ontologies/2024/9/phytotherapies#Chemical_ALPHAGLUCOSIDASE	Alpha-Glucosidase	enzyme
http://www.semanticweb.org/orestah/ontologies/2024/9/phytotherapies#Chemical_ALPHAMANNOSIDASE	Alpha-Mannosidase	enzyme
http://www.semanticweb.org/orestah/ontologies/2024/9/phytotherapies#Chemical_ALUMINUM	ALUMINUM	element_or_nutrient_class
http://www.semanticweb.org/orestah/ontologies/2024/9/phytotherapies#Chemical_AMINOACIDS	Amino-Acids	element_or_nutrient_class
http://www.semanticweb.org/orestah/ontologies/2024/9/phytotherapies#Chemical_AMMONIALYASE	Ammonialyase	enzyme
http://www.semanticweb.org/orestah/ontologies/2024/9/phytotherapies#Chemical_AMYLASE	AMYLASE	enzyme
http://www.semanticweb.org/orestah/ontologies/2024/9/phytotherapies#Chemical_ANEURINASE	Aneurinase	enzyme
http://www.semanticweb.org/orestah/ontologies/2024/9/phytotherapies#Chemical_ANTHRACENEDERIVATIVES	Anthracene-Derivatives	compound_class
http://www.semanticweb.org/orestah/ontologies/2024/9/phytotherapies#Chemical_ANTISTAPHYLOCOAGULASE	Antistaphylocoagulase	enzyme
http://www.semanticweb.org/orestah/ontologies/2024/9/phytotherapies#Chemical_APSSULFOTRANSFERASE	Aps-Sulfotransferase	enzyme
http://www.semanticweb.org/orestah/ontologies/2024/9/phytotherapies#Chemical_ARGINASE	Arginase	enzyme
http://www.semanticweb.org/orestah/ontologies/2024/9/phytotherapies#Chemical_ARSENIC	ARSENIC	element_or_nutrient_class
http://www.semanticweb.org/orestah/ontologies/2024/9/phytotherapies#Chemical_ASCORBATEOXIDASE	Ascorbate-Oxidase	enzyme
http://www.semanticweb.org/orestah/ontologies/2024/9/phytotherapies#Chemical_ASCORBICACIDOXIDASE	Ascorbic-Acid-Oxidase	enzyme
http://www.semanticweb.org/orestah/ontologies/2024/9/phytotherapies#Chemical_ASCORBICASE	Ascorbicase	enzyme
http://www.semanticweb.org/orestah/ontologies/2024/9/phytotherapies#Chemical_ASCORBIDASE	Ascorbidase	enzyme
http://www.semanticweb.org/orestah/ontologies/2024/9/phytotherapies#Chemical_ASH	Ash	element_or_nutrient_class
http://www.semanticweb.org/orestah/ontologies/2024/9/phytotherapies#Chemical_ASPARAGINESYNTHESASE	Asparagine-Synthesase	enzyme
http://www.semanticweb.org/orestah/ontologies/2024/9/phytotherapies#Chemical_ASPARIGINASE	Aspariginase	enzyme
http://www.semanticweb.org/orestah/ontologies/2024/9/phytotherapies#Chemical_ASPARTASE	Aspartase	enzyme
http://www.semanticweb.org/orestah/ontologies/2024/9/phytotherapies#Chemical_ASPARTATEAMINOTRANSFERASE	Aspartate-Amino-Transferase	enzyme
http://www.semanticweb.org/orestah/ontologies/2024/9/phytotherapies#Chemical_ATROPINESTERASE	Atropinesterase	enzyme
http://www.semanticweb.org/orestah/ontologies/2024/9/phytotherapies#Chemical_BAICALINASE	Baicalinase	enzyme
http://www.semanticweb.org/orestah/ontologies/2024/9/phytotherapies#Chemical_BARIUM	Barium	element_or_nutrient_class
http://www.semanticweb.org/orestah/ontologies/2024/9/phytotherapies#Chemical_BETAAMYLASE	Beta-Amylase	enzyme
http://www.semanticweb.org/orestah/ontologies/2024/9/phytotherapies#Chemical_BETAFRUCTOFURANOSIDASES	Beta-Fructofuranosidases	enzyme
http://www.semanticweb.org/orestah/ontologies/2024/9/phytotherapies#Chemical_BETAFRUCTOPYRANOSIDASES	Beta-Fructopyranosidases	enzyme
http://www.semanticweb.org/orestah/ontologies/2024/9/phytotherapies#Chemical_BETAGALACTOSIDASE	Beta-Galactosidase	enzyme
http://www.semanticweb.org/orestah/ontologies/2024/9/phytotherapies#Chemical_BETAGLUCAN	Beta-Glucan	element_or_nutrient_class
http://www.semanticweb.org/orestah/ontologies/2024/9/phytotherapies#Chemical_BETAGLUCOSIDASE	Beta-Glucosidase	enzyme
http://www.semanticweb.org/orestah/ontologies/2024/9/phytotherapies#Chemical_BETAGLUCURONIDASE	Beta-Glucuronidase	enzyme
http://www.semanticweb.org/orestah/ontologies/2024/9/phytotherapies#Chemical_BETAGLYCOSIDASE	Beta-Glycosidase	enzyme
http://www.semanticweb.org/orestah/ontologies/2024/9/phytotherapies#Chemical_BETAMANNANASE	Beta-Mannanase	enzyme
http://www.semanticweb.org/orestah/ontologies/2024/9/phytotherapies#Chemical_BORON	BORON	element_or_nutrient_class
http://www.semanticweb.org/orestah/ontologies/2024/9/phytotherapies#Chemical_BRADYKININASE	BRADYKININASE	enzyme
http://www.semanticweb.org/orestah/ontologies/2024/9/phytotherapies#Chemical_BROMINE	Bromine	element_or_nutrient_class
http://www.semanticweb.org/orestah/ontologies/2024/9/phytotherapies#Chemical_CADMIUM	CADMIUM	element_or_nutrient_class
http://www.semanticweb.org/orestah/ontologies/2024/9/phytotherapies#Chemical_CALCIUM	CALCIUM	element_or_nutrient_class
http://www.semanticweb.org/orestah/ontologies/2024/9/phytotherapies#Chemical_CARBOHYDRATES	Carbohydrates	element_or_nutrient_class
http://www.semanticweb.org/orestah/ontologies/2024/9/phytotherapies#Chemical_CARBONICANHYDRASE	Carbonic-Anhydrase	enzyme
http://www.semanticweb.org/orestah/ontologies/2024/9/phytotherapies#Chemical_CARBOXYLASE	Carboxylase	enzyme
http://www.semanticweb.org/orestah/ontologies/2024/9/phytotherapies#Chemical_CARICAPAPAYAAMYLASE	Carica-Papaya-Amylase	enzyme
http://www.semanticweb.org/orestah/ontologies/2024/9/phytotherapies#Chemical_CATALASE	CATALASE	enzyme
http://www.semanticweb.org/orestah/ontologies/2024/9/phytotherapies#Chemical_CATECHOLASE	Catecholase	enzyme
http://www.semanticweb.org/orestah/ontologies/2024/9/phytotherapies#Chemical_CATECHOLOXIDASE	Catechol-Oxidase	enzyme
http://www.semanticweb.org/orestah/ontologies/2024/9/phytotherapies#Chemical_CELLULASE	Cellulase	enzyme
http://www.semanticweb.org/orestah/ontologies/2024/9/phytotherapies#Chemical_CERATONIASE	Ceratoniase	enzyme
http://www.semanticweb.org/orestah/ontologies/2024/9/phytotherapies#Chemical_CESIUM	Cesium	element_or_nutrient_class
http://www.semanticweb.org/orestah/ontologies/2024/9/phytotherapies#Chemical_CHALCONASE	Chalconase	enzyme
http://www.semanticweb.org/orestah/ontologies/2024/9/phytotherapies#Chemical_CHALCONEFLAVONOIDISOMERASE	Chalcone-Flavonoid-Isomerase	enzyme
http://www.semanticweb.org/orestah/ontologies/2024/9/phytotherapies#Chemical_CHALCONESYNTHASE	Chalcone-Synthase	enzyme
http://www.semanticweb.org/orestah/ontologies/2024/9/phytotherapies#Chemical_CHAMASE	Chamase	enzyme
http://www.semanticweb.org/orestah/ontologies/2024/9/phytotherapies#Chemical_CHITINASE	Chitinase	enzyme
http://www.semanticweb.org/orestah/ontologies/2024/9/phytotherapies#Chemical_CHLORINE	CHLORINE	element_or_nutrient_class
http://www.semanticweb.org/orestah/ontologies/2024/9/phytotherapies#Chemical_CHOLINEACETYLTRANSFERASE	Choline-Acetyltransferase	enzyme
http://www.semanticweb.org/orestah/ontologies/2024/9/phytotherapies#Chemical_CHROMIUM	CHROMIUM	element_or_nutrient_class
http://www.semanticweb.org/orestah/ontologies/2024/9/phytotherapies#Chemical_CINNAMICACID4HYDROXYLASE	Cinnamic-Acid-4-Hydroxylase	enzyme
http://www.semanticweb.org/orestah/ontologies/2024/9/phytotherapies#Chemical_COAGULASE	Coagulase	enzyme
http://www.semanticweb.org/orestah/ontologies/2024/9/phytotherapies#Chemical_COBALT	COBALT	element_or_nutrient_class
http://www.semanticweb.org/orestah/ontologies/2024/9/phytotherapies#Chemical_CODECARBOXYLASE	Codecarboxylase	enzyme
http://www.semanticweb.org/orestah/ontologies/2024/9/phytotherapies#Chemical_COLALIPASE	Colalipase	enzyme
http://www.semanticweb.org/orestah/ontologies/2024/9/phytotherapies#Chemical_COLAOXYDASE	Colaoxydase	enzyme
http://www.semanticweb.org/orestah/ontologies/2024/9/phytotherapies#Chemical_COPPER	COPPER	element_or_nutrient_class
http://www.semanticweb.org/orestah/ontologies/2024/9/phytotherapies#Chemical_CYCLOOXYGENASE	Cyclooxygenase	enzyme
http://www.semanticweb.org/orestah/ontologies/2024/9/phytotherapies#Chemical_CYCLOPENTYLALDEHYDEDERIVATIVE	Cyclopentylaldehyde-Derivative	compound_class
http://www.semanticweb.org/orestah/ontologies/2024/9/phytotherapies#Chemical_CYTOCHROMEOXIDASE	Cytochrome-Oxidase	enzyme
http://www.semanticweb.org/orestah/ontologies/2024/9/phytotherapies#Chemical_DECARBOXYLASE	Decarboxylase	enzyme
http://www.semanticweb.org/orestah/ontologies/2024/9/phytotherapies#Chemical_DEOXYRIBONUCLEASE	Deoxy-Ribonuclease	enzyme
http://www.semanticweb.org/orestah/ontologies/2024/9/phytotherapies#Chemical_DESOXYRIBONUCLEASE	Desoxyribonuclease	enzyme
http://www.semanticweb.org/orestah/ontologies/2024/9/phytotherapies#Chemical_DEXTRINASE	Dextrinase	enzyme
http://www.semanticweb.org/orestah/ontologies/2024/9/phytotherapies#Chemical_DIAPHORASE	Diaphorase	enzyme
http://www.semanticweb.org/orestah/ontologies/2024/9/phytotherapies#Chemical_DIASTASE	Diastase	enzyme
http://www.semanticweb.org/orestah/ontologies/2024/9/phytotherapies#Chemical_DIGILANIDASE	Digilanidase	enzyme
http://www.semanticweb.org/orestah/ontologies/2024/9/phytotherapies#Chemical_DIHYDROFOLATESYNTHESASE	Dihydrofolate-Synthesase	enzyme
http://www.semanticweb.org/orestah/ontologies/2024/9/phytotherapies#Chemical_DIVINYLETHERSYNTHASE	Divinyl-Ether-Synthase	enzyme
http://www.semanticweb.org/orestah/ontologies/2024/9/phytotherapies#Chemical_DNAPOLYMERASE	Dna-Polymerase	enzyme
http://www.semanticweb.org/orestah/ontologies/2024/9/phytotherapies#Chemical_DOPADECARBOXYLASE	Dopa-Decarboxylase	enzyme
http://www.semanticweb.org/orestah/ontologies/2024/9/phytotherapies#Chemical_ELASTASE	ELASTASE	enzyme
http://www.semanticweb.org/orestah/ontologies/2024/9/phytotherapies#Chemical_ENDOBETAMANNANASE	Endo-Beta-Mannanase	enzyme
http://www.semanticweb.org/orestah/ontologies/2024/9/phytotherapies#Chemical_EO	Eo	element_or_nutrient_class
http://www.semanticweb.org/orestah/ontologies/2024/9/phytotherapies#Chemical_ESSENTIAL_OIL	Essential Oil	element_or_nutrient_class
http://www.semanticweb.org/orestah/ontologies/2024/9/phytotherapies#Chemical_ESTERASE	Esterase	enzyme
http://www.semanticweb.org/orestah/ontologies/2024/9/phytotherapies#Chemical_FAT	Fat	element_or_nutrient_class
http://www.semanticweb.org/orestah/ontologies/2024/9/phytotherapies#Chemical_FATS	Fats	element_or_nutrient_class
http://www.semanticweb.org/orestah/ontologies/2024/9/phytotherapies#Chemical_FATTYACIDS	Fatty-Acids	element_or_nutrient_class
http://www.semanticweb.org/orestah/ontologies/2024/9/phytotherapies#Chemical_FIBER	FIBER	element_or_nutrient_class
http://www.semanticweb.org/orestah/ontologies/2024/9/phytotherapies#Chemical_FLAVANONESYNTHASE	Flavanone-Synthase	enzyme
http://www.semanticweb.org/orestah/ontologies/2024/9/phytotherapies#Chemical_FLAVONOIDS	Flavonoids	element_or_nutrient_class
http://www.semanticweb.org/orestah/ontologies/2024/9/phytotherapies#Chemical_FLUORINE	Fluorine	element_or_nutrient_class
http://www.semanticweb.org/orestah/ontologies/2024/9/phytotherapies#Chemical_FRUCTOSEBIPHOSPHATASE	Fructose-Biphosphatase	enzyme
http://www.semanticweb.org/orestah/ontologies/2024/9/phytotherapies#Chemical_FUMARASE	Fumarase	enzyme
http://www.semanticweb.org/orestah/ontologies/2024/9/phytotherapies#Chemical_GALACTANASE	Galactanase	enzyme
http://www.semanticweb.org/orestah/ontologies/2024/9/phytotherapies#Chemical_GALACTOSEDEHYDROGENASE	Galactose-Dehydrogenase	enzyme
http://www.semanticweb.org/orestah/ontologies/2024/9/phytotherapies#Chemical_GALACTOXYLASE	Galactoxylase	enzyme
http://www.semanticweb.org/orestah/ontologies/2024/9/phytotherapies#Chemical_GAMMAGLUTAMYLPEPTIDASE	Gamma-Glutamyl-Peptidase	enzyme
http://www.semanticweb.org/orestah/ontologies/2024/9/phytotherapies#Chemical_GAULTHERASE	Gaultherase	enzyme
http://www.semanticweb.org/orestah/ontologies/2024/9/phytotherapies#Chemical_GELATINASE	Gelatinase	enzyme
http://www.semanticweb.org/orestah/ontologies/2024/9/phytotherapies#Chemical_GLUCOSE6PHOSPHATASE	Glucose-6-Phosphatase	enzyme
http://www.semanticweb.org/orestah/ontologies/2024/9/phytotherapies#Chemical_GLUCOSE6PHOSPHATEDEHYDROGENASE	Glucose-6-Phosphate-Dehydrogenase	enzyme
http://www.semanticweb.org/orestah/ontologies/2024/9/phytotherapies#Chemical_GLUCOSETRIPHOSPHATEISOMERASE	Glucose-Triphosphate-Isomerase	enzyme
http://www.semanticweb.org/orestah/ontologies/2024/9/phytotherapies#Chemical_GLUCOSIDASE	Glucosidase	enzyme
http://www.semanticweb.org/orestah/ontologies/2024/9/phytotherapies#Chemical_GLUTAMATEDECARBOXYLASE	Glutamate-Decarboxylase	enzyme
http://www.semanticweb.org/orestah/ontologies/2024/9/phytotherapies#Chemical_GLUTAMATEDEHYDROGENASE	Glutamate-Dehydrogenase	enzyme
http://www.semanticweb.org/orestah/ontologies/2024/9/phytotherapies#Chemical_GLUTAMATEOXALACETATETRANSAMINASE	Glutamate-Oxalacetate-Transaminase	enzyme
http://www.semanticweb.org/orestah/ontologies/2024/9/phytotherapies#Chemical_GLUTAMATEOXALOACETATETRANSAMINASE	Glutamate-Oxaloacetate-Transaminase	enzyme
http://www.semanticweb.org/orestah/ontologies/2024/9/phytotherapies#Chemical_GLUTAMATEOXALOACETICTRANSAMINASE	Glutamate-Oxaloacetic-Transaminase	enzyme
http://www.semanticweb.org/orestah/ontologies/2024/9/phytotherapies#Chemical_GLUTAMATEPYRUVATETRANSAMINASE	Glutamate-Pyruvate-Transaminase	enzyme
http://www.semanticweb.org/orestah/ontologies/2024/9/phytotherapies#Chemical_GLUTAMICACIDDECARBOXYLASE	Glutamic-Acid-Decarboxylase	enzyme
http://www.semanticweb.org/orestah/ontologies/2024/9/phytotherapies#Chemical_GLUTAMICACIDDEHYDROXYLASE	Glutamic-Acid-Dehydroxylase	enzyme
http://www.semanticweb.org/orestah/ontologies/2024/9/phytotherapies#Chemical_GLUTAMICDEHYDROGENASE	Glutamic-Dehydrogenase	enzyme
http://www.semanticweb.org/orestah/ontologies/2024/9/phytotherapies#Chemical_GLUTAMINASE	Glutaminase	enzyme
http://www.semanticweb.org/orestah/ontologies/2024/9/phytotherapies#Chemical_GLUTATHIONEREDUCTASE	Glutathione-Reductase	enzyme
http://www.semanticweb.org/orestah/ontologies/2024/9/phytotherapies#Chemical_GLYCERATE2DEHYDROGENASE	Glycerate-2-Dehydrogenase	enzyme
http://www.semanticweb.org/orestah/ontologies/2024/9/phytotherapies#Chemical_GLYCEROPHOSPHATASE	Glycerophosphatase	enzyme
http://www.semanticweb.org/orestah/ontologies/2024/9/phytotherapies#Chemical_GLYCOLASE	Glycolase	enzyme
http://www.semanticweb.org/orestah/ontologies/2024/9/phytotherapies#Chemical_GLYCOLATEOXIDASE	Glycolate-Oxidase	enzyme
http://www.semanticweb.org/orestah/ontologies/2024/9/phytotherapies#Chemical_GLYCOLICACIDOXIDASE	Glycolic-Acid-Oxidase	enzyme
http://www.semanticweb.org/orestah/ontologies/2024/9/phytotherapies#Chemical_GLYCOSIDASE	Glycosidase	enzyme
http://www.semanticweb.org/orestah/ontologies/2024/9/phytotherapies#Chemical_GLYCOSIDES	Glycosides	element_or_nutrient_class
http://www.semanticweb.org/orestah/ontologies/2024/9/phytotherapies#Chemical_GLYOXYLATEREDUCTASE	Glyoxylate-Reductase	enzyme
http://www.semanticweb.org/orestah/ontologies/2024/9/phytotherapies#Chemical_GOLD	GOLD	element_or_nutrient_class
http://www.semanticweb.org/orestah/ontologies/2024/9/phytotherapies#Chemical_GUM	Gum	element_or_nutrient_class
http://www.semanticweb.org/orestah/ontologies/2024/9/phytotherapies#Chemical_GUMS	Gums	element_or_nutrient_class
http://www.semanticweb.org/orestah/ontologies/2024/9/phytotherapies#Chemical_HEXOKINASE	Hexokinase	enzyme
http://www.semanticweb.org/orestah/ontologies/2024/9/phytotherapies#Chemical_HEXOSEDIPHOSPHATASE	Hexose-Diphosphatase	enzyme
http://www.semanticweb.org/orestah/ontologies/2024/9/phytotherapies#Chemical_HEXOXIDASE	Hexoxidase	enzyme
http://www.semanticweb.org/orestah/ontologies/2024/9/phytotherapies#Chemical_HYDROLASE	Hydrolase	enzyme
http://www.semanticweb.org/orestah/ontologies/2024/9/phytotherapies#Chemical_HYDROXYCINNAMICDERIVATIVES	Hydroxycinnamic-Derivatives	compound_class
http://www.semanticweb.org/orestah/ontologies/2024/9/phytotherapies#Chemical_INDOLEACETICACIDOXIDASE	Indole-Acetic-Acid-Oxidase	enzyme
http://www.semanticweb.org/orestah/ontologies/2024/9/phytotherapies#Chemical_INULASE	Inulase	enzyme
http://www.semanticweb.org/orestah/ontologies/2024/9/phytotherapies#Chemical_INULINASE	Inulinase	enzyme
http://www.semanticweb.org/orestah/ontologies/2024/9/phytotherapies#Chemical_INVERSTASE	Inverstase	enzyme
http://www.semanticweb.org/orestah/ontologies/2024/9/phytotherapies#Chemical_INVERTASE	Invertase	enzyme
http://www.semanticweb.org/orestah/ontologies/2024/9/phytotherapies#Chemical_IODINE	IODINE	element_or_nutrient_class
http://www.semanticweb.org/orestah/ontologies/2024/9/phytotherapies#Chemical_IRON	IRON	element_or_nutrient_class
http://www.semanticweb.org/orestah/ontologies/2024/9/phytotherapies#Chemical_ISOCITRATEDEHYDROGENASE	Isocitrate-Dehydrogenase	enzyme
http://www.semanticweb.org/orestah/ontologies/2024/9/phytotherapies#Chemical_ISOCITRATELYASE	Isocitrate-Lyase	enzyme
http://www.semanticweb.org/orestah/ontologies/2024/9/phytotherapies#Chemical_ISOCITRATYLLASE	Isocitratyllase	enzyme
http://www.semanticweb.org/orestah/ontologies/2024/9/phytotherapies#Chemical_KETONEALDEHYDEMUTASE	Ketone-Aldehyde-Mutase	enzyme
http://www.semanticweb.org/orestah/ontologies/2024/9/phytotherapies#Chemical_KILOCALORIES	Kilocalories	element_or_nutrient_class
http://www.semanticweb.org/orestah/ontologies/2024/9/phytotherapies#Chemical_LACTATEDEHYDROGENASE	Lactate-Dehydrogenase	enzyme
http://www.semanticweb.org/orestah/ontologies/2024/9/phytotherapies#Chemical_LAMINARASE	Laminarase	enzyme
http://www.semanticweb.org/orestah/ontologies/2024/9/phytotherapies#Chemical_LASPARAGINASE	L-ASPARAGINASE	enzyme
http://www.semanticweb.org/orestah/ontologies/2024/9/phytotherapies#Chemical_LASPARIGINASE	L-Aspariginase	enzyme
http://www.semanticweb.org/orestah/ontologies/2024/9/phytotherapies#Chemical_LDOPADECARBOXYLASE	L-Dopa-Decarboxylase	enzyme
http://www.semanticweb.org/orestah/ontologies/2024/9/phytotherapies#Chemical_LEAD	Lead	element_or_nutrient_class
http://www.semanticweb.org/orestah/ontologies/2024/9/phytotherapies#Chemical_LECITHINASE	Lecithinase	enzyme
http://www.semanticweb.org/orestah/ontologies/2024/9/phytotherapies#Chemical_LEUCINEAMINOPEPTIDASE	Leucine-Amino-Peptidase	enzyme
http://www.semanticweb.org/orestah/ontologies/2024/9/phytotherapies#Chemical_LEUCYLALANINEPEPTIDASE	Leucyl-Alanine-Peptidase	enzyme
http://www.semanticweb.org/orestah/ontologies/2024/9/phytotherapies#Chemical_LEUCYLLEUCYLLEUCINEPEPTIDASE	Leucyl-Leucyl-Leucine-Peptidase	enzyme
http://www.semanticweb.org/orestah/ontologies/2024/9/phytotherapies#Chemical_LGLUTAMATE1CARBOXYLASE	L-Glutamate-1-Carboxylase	enzyme
http://www.semanticweb.org/orestah/ontologies/2024/9/phytotherapies#Chemical_LGLUTAMATECARBOXYLASE	L-Glutamate-Carboxylase	enzyme
http://www.semanticweb.org/orestah/ontologies/2024/9/phytotherapies#Chemical_LICHENASE	Lichenase	enzyme
http://www.semanticweb.org/orestah/ontologies/2024/9/phytotherapies#Chemical_LINAMARASE	Linamarase	enzyme
http://www.semanticweb.org/orestah/ontologies/2024/9/phytotherapies#Chemical_LINASE	Linase	enzyme
http://www.semanticweb.org/orestah/ontologies/2024/9/phytotherapies#Chemical_LIPASE	Lipase	enzyme
http://www.semanticweb.org/orestah/ontologies/2024/9/phytotherapies#Chemical_LIPOXIDASE	Lipoxidase	enzyme
http://www.semanticweb.org/orestah/ontologies/2024/9/phytotherapies#Chemical_LIPOXIYGENASE	Lipoxiygenase	enzyme
http://www.semanticweb.org/orestah/ontologies/2024/9/phytotherapies#Chemical_LIPOXYGENASE	Lipoxygenase	enzyme
http://www.semanticweb.org/orestah/ontologies/2024/9/phytotherapies#Chemical_LITHIUM	LITHIUM	element_or_nutrient_class
http://www.semanticweb.org/orestah/ontologies/2024/9/phytotherapies#Chemical_LPHENYLALANINE2OXOGLUTARATEAMINOTRANSFERASE	L-Phenylalanine-2-Oxo-Glutarate-Aminotransferase	enzyme
http://www.semanticweb.org/orestah/ontologies/2024/9/phytotherapies#Chemical_MAGNESIUM	MAGNESIUM	element_or_nutrient_class
http://www.semanticweb.org/orestah/ontologies/2024/9/phytotherapies#Chemical_MALATEDEHYDROGENASE	Malate-Dehydrogenase	enzyme
http://www.semanticweb.org/orestah/ontologies/2024/9/phytotherapies#Chemical_MALICACIDDEHYDROGENASE	Malic-Acid-Dehydrogenase	enzyme
http://www.semanticweb.org/orestah/ontologies/2024/9/phytotherapies#Chemical_MALTASE	Maltase	enzyme
http://www.semanticweb.org/orestah/ontologies/2024/9/phytotherapies#Chemical_MALTOSYLTRANSFERASE	Maltosyl-Transferase	enzyme
http://www.semanticweb.org/orestah/ontologies/2024/9/phytotherapies#Chemical_MANNOSE6PHOSPHATEISOMERASE	Mannose-6-Phosphate-Isomerase	enzyme
http://www.semanticweb.org/orestah/ontologies/2024/9/phytotherapies#Chemical_MANNOSE6PHOSPHATEREDUCTASE	Mannose-6-Phosphate-Reductase	enzyme
http://www.semanticweb.org/orestah/ontologies/2024/9/phytotherapies#Chemical_MERCURY	MERCURY	element_or_nutrient_class
http://www.semanticweb.org/orestah/ontologies/2024/9/phytotherapies#Chemical_MOLYBDENUM	MOLYBDENUM	element_or_nutrient_class
http://www.semanticweb.org/orestah/ontologies/2024/9/phytotherapies#Chemical_MONOBUTYRINASE	Monobutyrinase	enzyme
http://www.semanticweb.org/orestah/ontologies/2024/9/phytotherapies#Chemical_MUCILAGE	MUCILAGE	element_or_nutrient_class
http://www.semanticweb.org/orestah/ontologies/2024/9/phytotherapies#Chemical_MUCILAGES	Mucilages	element_or_nutrient_class
http://www.semanticweb.org/orestah/ontologies/2024/9/phytotherapies#Chemical_MURAMIDASE	MURAMIDASE	enzyme
http://www.semanticweb.org/orestah/ontologies/2024/9/phytotherapies#Chemical_MURIDAMASE	Muridamase	enzyme
http://www.semanticweb.org/orestah/ontologies/2024/9/phytotherapies#Chemical_MYOINOSITOLOXIDASE	Myoinositol-Oxidase	enzyme
http://www.semanticweb.org/orestah/ontologies/2024/9/phytotherapies#Chemical_MYROSINASE	Myrosinase	enzyme
http://www.semanticweb.org/orestah/ontologies/2024/9/phytotherapies#Chemical_NACETYLHEXOSAMIDASE	N-ACETYL-HEXOSAMIDASE	enzyme
http://www.semanticweb.org/orestah/ontologies/2024/9/phytotherapies#Chemical_NADPACTIVEISOCITRATEDEHYDROGENASE	Nadp-Active-Isocitrate-Dehydrogenase	enzyme
http://www.semanticweb.org/orestah/ontologies/2024/9/phytotherapies#Chemical_NADPDEPENDENTALCOHOLDEHYDROGENASE	Nadp-Dependent-Alcohol-Dehydrogenase	enzyme
http://www.semanticweb.org/orestah/ontologies/2024/9/phytotherapies#Chemical_NAPHTHALENEDERIVATIVES	Naphthalene-Derivatives	compound_class
http://www.semanticweb.org/orestah/ontologies/2024/9/phytotherapies#Chemical_NICKEL	NICKEL	element_or_nutrient_class
http://www.semanticweb.org/orestah/ontologies/2024/9/phytotherapies#Chemical_NITROGEN	Nitrogen	element_or_nutrient_class
http://www.semanticweb.org/orestah/ontologies/2024/9/phytotherapies#Chemical_NITROGENASE	Nitrogenase	enzyme
http://www.semanticweb.org/orestah/ontologies/2024/9/phytotherapies#Chemical_NUCLEOTIDASE	Nucleotidase	enzyme
http://www.semanticweb.org/orestah/ontologies/2024/9/phytotherapies#Chemical_NUCLEOTIDEPYROPHOSPHATASE	Nucleotide-Pyrophosphatase	enzyme
http://www.semanticweb.org/orestah/ontologies/2024/9/phytotherapies#Chemical_OXALACETICCARBOXYLASE	Oxalacetic-Carboxylase	enzyme
http://www.semanticweb.org/orestah/ontologies/2024/9/phytotherapies#Chemical_OXALATEDEHYDROGENASE	Oxalate-Dehydrogenase	enzyme
http://www.semanticweb.org/orestah/ontologies/2024/9/phytotherapies#Chemical_OXIDASE	Oxidase	enzyme
http://www.semanticweb.org/orestah/ontologies/2024/9/phytotherapies#Chemical_OXYDASE	Oxydase	enzyme
http://www.semanticweb.org/orestah/ontologies/2024/9/phytotherapies#Chemical_OXYGENASE	Oxygenase	enzyme
http://www.semanticweb.org/orestah/ontologies/2024/9/phytotherapies#Chemical_PCOUMARATECOENZYME1ALIGASE	P-Coumarate-Coenzyme-1A-Ligase	enzyme
http://www.semanticweb.org/orestah/ontologies/2024/9/phytotherapies#Chemical_PECTASE	Pectase	enzyme
http://www.semanticweb.org/orestah/ontologies/2024/9/phytotherapies#Chemical_PECTIN	PECTIN	element_or_nutrient_class
http://www.semanticweb.org/orestah/ontologies/2024/9/phytotherapies#Chemical_PECTINASE	PECTINASE	enzyme
http://www.semanticweb.org/orestah/ontologies/2024/9/phytotherapies#Chemical_PECTINDEMETHOXYXYLASE	Pectin-Demethoxyxylase	enzyme
http://www.semanticweb.org/orestah/ontologies/2024/9/phytotherapies#Chemical_PECTINESTERASE	Pectinesterase	enzyme
http://www.semanticweb.org/orestah/ontologies/2024/9/phytotherapies#Chemical_PECTINMETHYLESTERASE	Pectin-Methyl-Esterase	enzyme
http://www.semanticweb.org/orestah/ontologies/2024/9/phytotherapies#Chemical_PECTINS	Pectins	element_or_nutrient_class
http://www.semanticweb.org/orestah/ontologies/2024/9/phytotherapies#Chemical_PEPTIDASE	Peptidase	enzyme
http://www.semanticweb.org/orestah/ontologies/2024/9/phytotherapies#Chemical_PEROXIDASE	Peroxidase	enzyme
http://www.semanticweb.org/orestah/ontologies/2024/9/phytotherapies#Chemical_PEROXIDASES	Peroxidases	enzyme
http://www.semanticweb.org/orestah/ontologies/2024/9/phytotherapies#Chemical_PHENOLASE	Phenolase	enzyme
http://www.semanticweb.org/orestah/ontologies/2024/9/phytotherapies#Chemical_PHENOLOXIDASE	Phenol-Oxidase	enzyme
http://www.semanticweb.org/orestah/ontologies/2024/9/phytotherapies#Chemical_PHENYALANINEAMMONIALYASE	Phenyalanine-Ammonia-Lyase	enzyme
http://www.semanticweb.org/orestah/ontologies/2024/9/phytotherapies#Chemical_PHENYLALANINE2OXOGLUTARATEAMINOTRANSFERASE	Phenylalanine-2-Oxo-Glutarate-Amino-Transferase	enzyme
http://www.semanticweb.org/orestah/ontologies/2024/9/phytotherapies#Chemical_PHENYLALANINEAMMONIALYASE	Phenylalanine-Ammonia-Lyase	enzyme
http://www.semanticweb.org/orestah/ontologies/2024/9/phytotherapies#Chemical_PHENYLALANINEDECARBOXYLASE	Phenylalanine-Decarboxylase	enzyme
http://www.semanticweb.org/orestah/ontologies/2024/9/phytotherapies#Chemical_PHENYLALANYLPROLINEPEPTIDASE	Phenylalanyl-Proline-Peptidase	enzyme
http://www.semanticweb.org/orestah/ontologies/2024/9/phytotherapies#Chemical_PHENYLPHOSPHATASE	Phenyl-Phosphatase	enzyme
http://www.semanticweb.org/orestah/ontologies/2024/9/phytotherapies#Chemical_PHOSPHATASE	Phosphatase	enzyme
http://www.semanticweb.org/orestah/ontologies/2024/9/phytotherapies#Chemical_PHOSPHODIESTERASE	Phosphodiesterase	enzyme
http://www.semanticweb.org/orestah/ontologies/2024/9/phytotherapies#Chemical_PHOSPHOENOLPYRUVATECARBOXYLASE	Phosphoenol-Pyruvate-Carboxylase	enzyme
http://www.semanticweb.org/orestah/ontologies/2024/9/phytotherapies#Chemical_PHOSPHOFRUCTOKINASE	Phosphofructokinase	enzyme
http://www.semanticweb.org/orestah/ontologies/2024/9/phytotherapies#Chemical_PHOSPHOGLUCOMUTASE	Phosphoglucomutase	enzyme
http://www.semanticweb.org/orestah/ontologies/2024/9/phytotherapies#Chemical_PHOSPHOGLUCONICDEHYDROGENASE	Phosphogluconic-Dehydrogenase	enzyme
http://www.semanticweb.org/orestah/ontologies/2024/9/phytotherapies#Chemical_PHOSPHOGLUCOSEISOMERASE	Phosphoglucose-Isomerase	enzyme
http://www.semanticweb.org/orestah/ontologies/2024/9/phytotherapies#Chemical_PHOSPHOLIPASE	Phospholipase	enzyme
http://www.semanticweb.org/orestah/ontologies/2024/9/phytotherapies#Chemical_PHOSPHOMONOESTERASE	Phosphomonoesterase	enzyme
http://www.semanticweb.org/orestah/ontologies/2024/9/phytotherapies#Chemical_PHOSPHORICACIDMONOESTERHYDROLASE	Phosphoric-Acid-Monoesterhydrolase	enzyme
http://www.semanticweb.org/orestah/ontologies/2024/9/phytotherapies#Chemical_PHOSPHORUS	PHOSPHORUS	element_or_nutrient_class
http://www.semanticweb.org/orestah/ontologies/2024/9/phytotherapies#Chemical_PHOSPHORYLASE	Phosphorylase	enzyme
http://www.semanticweb.org/orestah/ontologies/2024/9/phytotherapies#Chemical_PHYTASE	Phytase	enzyme
http://www.semanticweb.org/orestah/ontologies/2024/9/phytotherapies#Chemical_PHYTOSTEROLS	PHYTOSTEROLS	element_or_nutrient_class
http://www.semanticweb.org/orestah/ontologies/2024/9/phytotherapies#Chemical_PLANTEASE	Plantease	enzyme
http://www.semanticweb.org/orestah/ontologies/2024/9/phytotherapies#Chemical_POLYGALACTURONASE	Polygalacturonase	enzyme
http://www.semanticweb.org/orestah/ontologies/2024/9/phytotherapies#Chemical_POLYPHENOLASE	Polyphenolase	enzyme
http://www.semanticweb.org/orestah/ontologies/2024/9/phytotherapies#Chemical_POLYPHENOLOXIDASE	Polyphenol-Oxidase	enzyme
http://www.semanticweb.org/orestah/ontologies/2024/9/phytotherapies#Chemical_POLYPHENOLS	POLYPHENOLS	element_or_nutrient_class
http://www.semanticweb.org/orestah/ontologies/2024/9/phytotherapies#Chemical_PORPHOBILINOGENOXYGENASE	Porphobilinogen-Oxygenase	enzyme
http://www.semanticweb.org/orestah/ontologies/2024/9/phytotherapies#Chemical_POTASSIUM	POTASSIUM	element_or_nutrient_class
http://www.semanticweb.org/orestah/ontologies/2024/9/phytotherapies#Chemical_PROTEASE	Protease	enzyme
http://www.semanticweb.org/orestah/ontologies/2024/9/phytotherapies#Chemical_PROTEIN	Protein	element_or_nutrient_class
http://www.semanticweb.org/orestah/ontologies/2024/9/phytotherapies#Chemical_PROTEINASE	Proteinase	enzyme
http://www.semanticweb.org/orestah/ontologies/2024/9/phytotherapies#Chemical_PROTEINS	Proteins	element_or_nutrient_class
http://www.semanticweb.org/orestah/ontologies/2024/9/phytotherapies#Chemical_PROTOPECTINASE	Protopectinase	enzyme
http://www.semanticweb.org/orestah/ontologies/2024/9/phytotherapies#Chemical_PYRIDINENUCLEOTIDEOXIDASE	Pyridine-Nucleotide-Oxidase	enzyme
http://www.semanticweb.org/orestah/ontologies/2024/9/phytotherapies#Chemical_PYROGALLOLOXIDASE	Pyrogallol-Oxidase	enzyme
http://www.semanticweb.org/orestah/ontologies/2024/9/phytotherapies#Chemical_PYROPHOSPHATASE	Pyrophosphatase	enzyme
http://www.semanticweb.org/orestah/ontologies/2024/9/phytotherapies#Chemical_PYRUVATEKINASE	Pyruvate-Kinase	enzyme
http://www.semanticweb.org/orestah/ontologies/2024/9/phytotherapies#Chemical_PYRUVICCARBOXYLASE	Pyruvic-Carboxylase	enzyme
http://www.semanticweb.org/orestah/ontologies/2024/9/phytotherapies#Chemical_RAFFINASE	Raffinase	enzyme
http://www.semanticweb.org/orestah/ontologies/2024/9/phytotherapies#Chemical_REDUCTASE	Reductase	enzyme
http://www.semanticweb.org/orestah/ontologies/2024/9/phytotherapies#Chemical_RESIN	Resin	element_or_nutrient_class
http://www.semanticweb.org/orestah/ontologies/2024/9/phytotherapies#Chemical_RESINS	Resins	element_or_nutrient_class
http://www.semanticweb.org/orestah/ontologies/2024/9/phytotherapies#Chemical_RHAMNINASE	Rhamninase	enzyme
http://www.semanticweb.org/orestah/ontologies/2024/9/phytotherapies#Chemical_RIBONUCLEASE	RIBONUCLEASE	enzyme
http://www.semanticweb.org/orestah/ontologies/2024/9/phytotherapies#Chemical_RIBOSE15DIPHOSPHATECARBOXYLASE	Ribose-1,5-Diphosphate-Carboxylase	enzyme
http://www.semanticweb.org/orestah/ontologies/2024/9/phytotherapies#Chemical_RIBOSE1_5DIPHOSPHATECARBOXYLASE	Ribose-1,5-Diphosphate-Carboxylase	enzyme
http://www.semanticweb.org/orestah/ontologies/2024/9/phytotherapies#Chemical_RIBULOSEDIPHOSPHATECARBOXYLASE	Ribulose-Diphosphate-Carboxylase	enzyme
http://www.semanticweb.org/orestah/ontologies/2024/9/phytotherapies#Chemical_RUBIDIUM	Rubidium	element_or_nutrient_class
http://www.semanticweb.org/orestah/ontologies/2024/9/phytotherapies#Chemical_RUTINASE	Rutinase	enzyme
http://www.semanticweb.org/orestah/ontologies/2024/9/phytotherapies#Chemical_SALICASE	Salicase	enzyme
http://www.semanticweb.org/orestah/ontologies/2024/9/phytotherapies#Chemical_SAPONINS	SAPONINS	element_or_nutrient_class
http://www.semanticweb.org/orestah/ontologies/2024/9/phytotherapies#Chemical_SELENIUM	SELENIUM	element_or_nutrient_class
http://www.semanticweb.org/orestah/ontologies/2024/9/phytotherapies#Chemical_SILICON	SILICON	element_or_nutrient_class
http://www.semanticweb.org/orestah/ontologies/2024/9/phytotherapies#Chemical_SILVER	SILVER	element_or_nutrient_class
http://www.semanticweb.org/orestah/ontologies/2024/9/phytotherapies#Chemical_SKATOLEPYRROLOOXYGENASE	Skatole-Pyrrolo-Oxygenase	enzyme
http://www.semanticweb.org/orestah/ontologies/2024/9/phytotherapies#Chemical_SODIUM	SODIUM	element_or_nutrient_class
http://www.semanticweb.org/orestah/ontologies/2024/9/phytotherapies#Chemical_STARCH	STARCH	element_or_nutrient_class
http://www.semanticweb.org/orestah/ontologies/2024/9/phytotherapies#Chemical_STEROLS	Sterols	element_or_nutrient_class
http://www.semanticweb.org/orestah/ontologies/2024/9/phytotherapies#Chemical_STRONTIUM	Strontium	element_or_nutrient_class
http://www.semanticweb.org/orestah/ontologies/2024/9/phytotherapies#Chemical_SUCCINATEDEHYDROGENASE	Succinate-Dehydrogenase	enzyme
http://www.semanticweb.org/orestah/ontologies/2024/9/phytotherapies#Chemical_SUCCINDEHYDROGENASE	Succindehydrogenase	enzyme
http://www.semanticweb.org/orestah/ontologies/2024/9/phytotherapies#Chemical_SUCCINICACIDDEHYDROGENASE	Succinic-Acid-Dehydrogenase	enzyme
http://www.semanticweb.org/orestah/ontologies/2024/9/phytotherapies#Chemical_SUCCINICDEHYDROGENASE	Succinic-Dehydrogenase	enzyme
http://www.semanticweb.org/orestah/ontologies/2024/9/phytotherapies#Chemical_SUCCINOXIDASE	Succinoxidase	enzyme
http://www.semanticweb.org/orestah/ontologies/2024/9/phytotherapies#Chemical_SUGARS	Sugars	element_or_nutrient_class
http://www.semanticweb.org/orestah/ontologies/2024/9/phytotherapies#Chemical_SULFUR	SULFUR	element_or_nutrient_class
http://www.semanticweb.org/orestah/ontologies/2024/9/phytotherapies#Chemical_SUPEROXIDEDISMUTASE	SUPEROXIDE-DISMUTASE	enzyme
http://www.semanticweb.org/orestah/ontologies/2024/9/phytotherapies#Chemical_TANNASE	Tannase	enzyme
http://www.semanticweb.org/orestah/ontologies/2024/9/phytotherapies#Chemical_TANNIN	TANNIN	element_or_nutrient_class
http://www.semanticweb.org/orestah/ontologies/2024/9/phytotherapies#Chemical_TANNINS	Tannins	element_or_nutrient_class
http://www.semanticweb.org/orestah/ontologies/2024/9/phytotherapies#Chemical_TERPENES	Terpenes	element_or_nutrient_class
http://www.semanticweb.org/orestah/ontologies/2024/9/phytotherapies#Chemical_THIAMINASE	Thiaminase	enzyme
http://www.semanticweb.org/orestah/ontologies/2024/9/phytotherapies#Chemical_TIN	TIN	element_or_nutrient_class
http://www.semanticweb.org/orestah/ontologies/2024/9/phytotherapies#Chemical_TITANIUM	Titanium	element_or_nutrient_class
http://www.semanticweb.org/orestah/ontologies/2024/9/phytotherapies#Chemical_TRIOSEPHOSPHATEISOMERASE	Triose-Phosphate-Isomerase	enzyme
http://www.semanticweb.org/orestah/ontologies/2024/9/phytotherapies#Chemical_TRIPHOSPHOPYRIDINENUCLEOTIDEOXIDASE	Triphosphopyridine-Nucleotide-Oxidase	enzyme
http://www.semanticweb.org/orestah/ontologies/2024/9/phytotherapies#Chemical_TRYPTOPHANPYRROLOOXYGENASE	Tryptophan-Pyrrolo-Oxygenase	enzyme
http://www.semanticweb.org/orestah/ontologies/2024/9/phytotherapies#Chemical_TYROSINASE	TYROSINASE	enzyme
http://www.semanticweb.org/orestah/ontologies/2024/9/phytotherapies#Chemical_TYROSINEAMMONIALYASE	Tyrosine-Ammonia-Lyase	enzyme
http://www.semanticweb.org/orestah/ontologies/2024/9/phytotherapies#Chemical_TYROSINEDECARBOXYLASE	Tyrosine-Decarboxylase	enzyme
http://www.semanticweb.org/orestah/ontologies/2024/9/phytotherapies#Chemical_UREASE	Urease	enzyme
http://www.semanticweb.org/orestah/ontologies/2024/9/phytotherapies#Chemical_URICASE	Uricase	enzyme
http://www.semanticweb.org/orestah/ontologies/2024/9/phytotherapies#Chemical_URIDINEDIPHOSPHATEGLUCOSETHIOHYDROXIMATEGLUCOSYLTRANSFERASE	Uridine-Diphosphate-Glucose:Thiohydroximate-Glucosyl-Transferase	enzyme
http://www.semanticweb.org/orestah/ontologies/2024/9/phytotherapies#Chemical_URIDINEDIPHOSPHATEGLUCOSE_THIOHYDROXIMATEGLUCOSYLTRANSFERASE	Uridine-Diphosphate-Glucose:Thiohydroximate-Glucosyl-Transferase	enzyme
http://www.semanticweb.org/orestah/ontologies/2024/9/phytotherapies#Chemical_URIDINEDIPHOSPHOGALACOSE4EPIMERASE	Uridine-Diphosphogalacose-4-Epimerase	enzyme
http://www.semanticweb.org/orestah/ontologies/2024/9/phytotherapies#Chemical_VANADIUM	VANADIUM	element_or_nutrient_class
http://www.semanticweb.org/orestah/ontologies/2024/9/phytotherapies#Chemical_XANTHINEDEHYDROGENASE	Xanthine-Dehydrogenase	enzyme
http://www.semanticweb.org/orestah/ontologies/2024/9/phytotherapies#Chemical_ZINC	ZINC	element_or_nutrient_class
